{
  "activeMarker": {
    "front": {
      "__class__": "ParamTocElement",
      "ident": 0,
      "group": "activeMarker",
      "name": "front",
      "ctype": "uint8_t",
      "pytype": "<B",
      "access": 0,
      "extended": true
    },
    "back": {
      "__class__": "ParamTocElement",
      "ident": 1,
      "group": "activeMarker",
      "name": "back",
      "ctype": "uint8_t",
      "pytype": "<B",
      "access": 0,
      "extended": true
    },
    "left": {
      "__class__": "ParamTocElement",
      "ident": 2,
      "group": "activeMarker",
      "name": "left",
      "ctype": "uint8_t",
      "pytype": "<B",
      "access": 0,
      "extended": true
    },
    "right": {
      "__class__": "ParamTocElement",
      "ident": 3,
      "group": "activeMarker",
      "name": "right",
      "ctype": "uint8_t",
      "pytype": "<B",
      "access": 0,
      "extended": true
    },
    "mode": {
      "__class__": "ParamTocElement",
      "ident": 4,
      "group": "activeMarker",
      "name": "mode",
      "ctype": "uint8_t",
      "pytype": "<B",
      "access": 0,
      "extended": true
    },
    "poll": {
      "__class__": "ParamTocElement",
      "ident": 5,
      "group": "activeMarker",
      "name": "poll",
      "ctype": "uint8_t",
      "pytype": "<B",
      "access": 0,
      "extended": false
    }
  },
  "deck": {
    "bcActiveMarker": {
      "__class__": "ParamTocElement",
      "ident": 6,
      "group": "deck",
      "name": "bcActiveMarker",
      "ctype": "uint8_t",
      "pytype": "<B",
      "access": 1,
      "extended": false
    },
    "bcAI": {
      "__class__": "ParamTocElement",
      "ident": 7,
      "group": "deck",
      "name": "bcAI",
      "ctype": "uint8_t",
      "pytype": "<B",
      "access": 1,
      "extended": false
    },
    "bcBuzzer": {
      "__class__": "ParamTocElement",
      "ident": 8,
      "group": "deck",
      "name": "bcBuzzer",
      "ctype": "uint8_t",
      "pytype": "<B",
      "access": 1,
      "extended": false
    },
    "bcFlow": {
      "__class__": "ParamTocElement",
      "ident": 9,
      "group": "deck",
      "name": "bcFlow",
      "ctype": "uint8_t",
      "pytype": "<B",
      "access": 1,
      "extended": false
    },
    "bcFlow2": {
      "__class__": "ParamTocElement",
      "ident": 10,
      "group": "deck",
      "name": "bcFlow2",
      "ctype": "uint8_t",
      "pytype": "<B",
      "access": 1,
      "extended": false
    },
    "bcLedRing": {
      "__class__": "ParamTocElement",
      "ident": 11,
      "group": "deck",
      "name": "bcLedRing",
      "ctype": "uint8_t",
      "pytype": "<B",
      "access": 1,
      "extended": false
    },
    "bcLighthouse4": {
      "__class__": "ParamTocElement",
      "ident": 12,
      "group": "deck",
      "name": "bcLighthouse4",
      "ctype": "uint8_t",
      "pytype": "<B",
      "access": 1,
      "extended": false
    },
    "bcDWM1000": {
      "__class__": "ParamTocElement",
      "ident": 13,
      "group": "deck",
      "name": "bcDWM1000",
      "ctype": "uint8_t",
      "pytype": "<B",
      "access": 1,
      "extended": false
    },
    "bcLoco": {
      "__class__": "ParamTocElement",
      "ident": 14,
      "group": "deck",
      "name": "bcLoco",
      "ctype": "uint8_t",
      "pytype": "<B",
      "access": 1,
      "extended": false
    },
    "bcMultiranger": {
      "__class__": "ParamTocElement",
      "ident": 15,
      "group": "deck",
      "name": "bcMultiranger",
      "ctype": "uint8_t",
      "pytype": "<B",
      "access": 1,
      "extended": false
    },
    "bcOA": {
      "__class__": "ParamTocElement",
      "ident": 16,
      "group": "deck",
      "name": "bcOA",
      "ctype": "uint8_t",
      "pytype": "<B",
      "access": 1,
      "extended": false
    },
    "bcUSD": {
      "__class__": "ParamTocElement",
      "ident": 17,
      "group": "deck",
      "name": "bcUSD",
      "ctype": "uint8_t",
      "pytype": "<B",
      "access": 1,
      "extended": false
    },
    "bcZRanger": {
      "__class__": "ParamTocElement",
      "ident": 18,
      "group": "deck",
      "name": "bcZRanger",
      "ctype": "uint8_t",
      "pytype": "<B",
      "access": 1,
      "extended": false
    },
    "bcZRanger2": {
      "__class__": "ParamTocElement",
      "ident": 19,
      "group": "deck",
      "name": "bcZRanger2",
      "ctype": "uint8_t",
      "pytype": "<B",
      "access": 1,
      "extended": false
    }
  },
  "motion": {
    "disable": {
      "__class__": "ParamTocElement",
      "ident": 20,
      "group": "motion",
      "name": "disable",
      "ctype": "uint8_t",
      "pytype": "<B",
      "access": 0,
      "extended": false
    },
    "adaptive": {
      "__class__": "ParamTocElement",
      "ident": 21,
      "group": "motion",
      "name": "adaptive",
      "ctype": "uint8_t",
      "pytype": "<B",
      "access": 0,
      "extended": false
    },
    "flowStdFixed": {
      "__class__": "ParamTocElement",
      "ident": 22,
      "group": "motion",
      "name": "flowStdFixed",
      "ctype": "float",
      "pytype": "<f",
      "access": 0,
      "extended": false
    }
  },
  "ring": {
    "effect": {
      "__class__": "ParamTocElement",
      "ident": 23,
      "group": "ring",
      "name": "effect",
      "ctype": "uint8_t",
      "pytype": "<B",
      "access": 0,
      "extended": true
    },
    "neffect": {
      "__class__": "ParamTocElement",
      "ident": 24,
      "group": "ring",
      "name": "neffect",
      "ctype": "uint32_t",
      "pytype": "<L",
      "access": 1,
      "extended": false
    },
    "solidRed": {
      "__class__": "ParamTocElement",
      "ident": 25,
      "group": "ring",
      "name": "solidRed",
      "ctype": "uint8_t",
      "pytype": "<B",
      "access": 0,
      "extended": false
    },
    "solidGreen": {
      "__class__": "ParamTocElement",
      "ident": 26,
      "group": "ring",
      "name": "solidGreen",
      "ctype": "uint8_t",
      "pytype": "<B",
      "access": 0,
      "extended": false
    },
    "solidBlue": {
      "__class__": "ParamTocElement",
      "ident": 27,
      "group": "ring",
      "name": "solidBlue",
      "ctype": "uint8_t",
      "pytype": "<B",
      "access": 0,
      "extended": false
    },
    "headlightEnable": {
      "__class__": "ParamTocElement",
      "ident": 28,
      "group": "ring",
      "name": "headlightEnable",
      "ctype": "uint8_t",
      "pytype": "<B",
      "access": 0,
      "extended": false
    },
    "emptyCharge": {
      "__class__": "ParamTocElement",
      "ident": 29,
      "group": "ring",
      "name": "emptyCharge",
      "ctype": "float",
      "pytype": "<f",
      "access": 0,
      "extended": false
    },
    "fullCharge": {
      "__class__": "ParamTocElement",
      "ident": 30,
      "group": "ring",
      "name": "fullCharge",
      "ctype": "float",
      "pytype": "<f",
      "access": 0,
      "extended": false
    },
    "fadeColor": {
      "__class__": "ParamTocElement",
      "ident": 31,
      "group": "ring",
      "name": "fadeColor",
      "ctype": "uint32_t",
      "pytype": "<L",
      "access": 0,
      "extended": false
    },
    "fadeTime": {
      "__class__": "ParamTocElement",
      "ident": 32,
      "group": "ring",
      "name": "fadeTime",
      "ctype": "float",
      "pytype": "<f",
      "access": 0,
      "extended": false
    }
  },
  "system": {
    "highlight": {
      "__class__": "ParamTocElement",
      "ident": 33,
      "group": "system",
      "name": "highlight",
      "ctype": "uint8_t",
      "pytype": "<B",
      "access": 0,
      "extended": false
    },
    "storageStats": {
      "__class__": "ParamTocElement",
      "ident": 34,
      "group": "system",
      "name": "storageStats",
      "ctype": "uint8_t",
      "pytype": "<B",
      "access": 0,
      "extended": false
    },
    "storageReformat": {
      "__class__": "ParamTocElement",
      "ident": 35,
      "group": "system",
      "name": "storageReformat",
      "ctype": "uint8_t",
      "pytype": "<B",
      "access": 0,
      "extended": false
    },
    "arm": {
      "__class__": "ParamTocElement",
      "ident": 36,
      "group": "system",
      "name": "arm",
      "ctype": "int8_t",
      "pytype": "<b",
      "access": 0,
      "extended": false
    },
    "taskDump": {
      "__class__": "ParamTocElement",
      "ident": 37,
      "group": "system",
      "name": "taskDump",
      "ctype": "uint8_t",
      "pytype": "<B",
      "access": 0,
      "extended": false
    },
    "selftestPassed": {
      "__class__": "ParamTocElement",
      "ident": 38,
      "group": "system",
      "name": "selftestPassed",
      "ctype": "int8_t",
      "pytype": "<b",
      "access": 1,
      "extended": false
    },
    "assertInfo": {
      "__class__": "ParamTocElement",
      "ident": 39,
      "group": "system",
      "name": "assertInfo",
      "ctype": "uint8_t",
      "pytype": "<B",
      "access": 0,
      "extended": false
    },
    "testLogParam": {
      "__class__": "ParamTocElement",
      "ident": 40,
      "group": "system",
      "name": "testLogParam",
      "ctype": "uint8_t",
      "pytype": "<B",
      "access": 0,
      "extended": false
    },
    "doAssert": {
      "__class__": "ParamTocElement",
      "ident": 41,
      "group": "system",
      "name": "doAssert",
      "ctype": "uint8_t",
      "pytype": "<B",
      "access": 0,
      "extended": false
    }
  },
  "loco": {
    "mode": {
      "__class__": "ParamTocElement",
      "ident": 42,
      "group": "loco",
      "name": "mode",
      "ctype": "uint8_t",
      "pytype": "<B",
      "access": 0,
      "extended": false
    }
  },
  "tdoa2": {
    "stddev": {
      "__class__": "ParamTocElement",
      "ident": 43,
      "group": "tdoa2",
      "name": "stddev",
      "ctype": "float",
      "pytype": "<f",
      "access": 0,
      "extended": false
    }
  },
  "tdoa3": {
    "stddev": {
      "__class__": "ParamTocElement",
      "ident": 44,
      "group": "tdoa3",
      "name": "stddev",
      "ctype": "float",
      "pytype": "<f",
      "access": 0,
      "extended": false
    }
  },
  "multiranger": {
    "filterMask": {
      "__class__": "ParamTocElement",
      "ident": 45,
      "group": "multiranger",
      "name": "filterMask",
      "ctype": "uint16_t",
      "pytype": "<H",
      "access": 0,
      "extended": false
    }
  },
  "usd": {
    "canLog": {
      "__class__": "ParamTocElement",
      "ident": 46,
      "group": "usd",
      "name": "canLog",
      "ctype": "uint8_t",
      "pytype": "<B",
      "access": 1,
      "extended": false
    },
    "logging": {
      "__class__": "ParamTocElement",
      "ident": 47,
      "group": "usd",
      "name": "logging",
      "ctype": "uint8_t",
      "pytype": "<B",
      "access": 0,
      "extended": false
    }
  },
  "led": {
    "bitmask": {
      "__class__": "ParamTocElement",
      "ident": 48,
      "group": "led",
      "name": "bitmask",
      "ctype": "uint8_t",
      "pytype": "<B",
      "access": 0,
      "extended": false
    }
  },
  "motorPowerSet": {
    "enable": {
      "__class__": "ParamTocElement",
      "ident": 49,
      "group": "motorPowerSet",
      "name": "enable",
      "ctype": "uint8_t",
      "pytype": "<B",
      "access": 0,
      "extended": false
    },
    "m1": {
      "__class__": "ParamTocElement",
      "ident": 50,
      "group": "motorPowerSet",
      "name": "m1",
      "ctype": "uint16_t",
      "pytype": "<H",
      "access": 0,
      "extended": false
    },
    "m2": {
      "__class__": "ParamTocElement",
      "ident": 51,
      "group": "motorPowerSet",
      "name": "m2",
      "ctype": "uint16_t",
      "pytype": "<H",
      "access": 0,
      "extended": false
    },
    "m3": {
      "__class__": "ParamTocElement",
      "ident": 52,
      "group": "motorPowerSet",
      "name": "m3",
      "ctype": "uint16_t",
      "pytype": "<H",
      "access": 0,
      "extended": false
    },
    "m4": {
      "__class__": "ParamTocElement",
      "ident": 53,
      "group": "motorPowerSet",
      "name": "m4",
      "ctype": "uint16_t",
      "pytype": "<H",
      "access": 0,
      "extended": false
    }
  },
  "pm": {
    "lowVoltage": {
      "__class__": "ParamTocElement",
      "ident": 54,
      "group": "pm",
      "name": "lowVoltage",
      "ctype": "float",
      "pytype": "<f",
      "access": 0,
      "extended": true
    },
    "criticalLowVoltage": {
      "__class__": "ParamTocElement",
      "ident": 55,
      "group": "pm",
      "name": "criticalLowVoltage",
      "ctype": "float",
      "pytype": "<f",
      "access": 0,
      "extended": true
    }
  },
  "imu_sensors": {
    "BMP388": {
      "__class__": "ParamTocElement",
      "ident": 56,
      "group": "imu_sensors",
      "name": "BMP388",
      "ctype": "uint8_t",
      "pytype": "<B",
      "access": 1,
      "extended": false
    },
    "imuPhi": {
      "__class__": "ParamTocElement",
      "ident": 57,
      "group": "imu_sensors",
      "name": "imuPhi",
      "ctype": "float",
      "pytype": "<f",
      "access": 0,
      "extended": true
    },
    "imuTheta": {
      "__class__": "ParamTocElement",
      "ident": 58,
      "group": "imu_sensors",
      "name": "imuTheta",
      "ctype": "float",
      "pytype": "<f",
      "access": 0,
      "extended": true
    },
    "imuPsi": {
      "__class__": "ParamTocElement",
      "ident": 59,
      "group": "imu_sensors",
      "name": "imuPsi",
      "ctype": "float",
      "pytype": "<f",
      "access": 0,
      "extended": true
    },
    "AK8963": {
      "__class__": "ParamTocElement",
      "ident": 60,
      "group": "imu_sensors",
      "name": "AK8963",
      "ctype": "uint8_t",
      "pytype": "<B",
      "access": 1,
      "extended": false
    },
    "LPS25H": {
      "__class__": "ParamTocElement",
      "ident": 61,
      "group": "imu_sensors",
      "name": "LPS25H",
      "ctype": "uint8_t",
      "pytype": "<B",
      "access": 1,
      "extended": false
    }
  },
  "imu_tests": {
    "MPU6500": {
      "__class__": "ParamTocElement",
      "ident": 62,
      "group": "imu_tests",
      "name": "MPU6500",
      "ctype": "uint8_t",
      "pytype": "<B",
      "access": 1,
      "extended": false
    },
    "AK8963": {
      "__class__": "ParamTocElement",
      "ident": 63,
      "group": "imu_tests",
      "name": "AK8963",
      "ctype": "uint8_t",
      "pytype": "<B",
      "access": 1,
      "extended": false
    },
    "LPS25H": {
      "__class__": "ParamTocElement",
      "ident": 64,
      "group": "imu_tests",
      "name": "LPS25H",
      "ctype": "uint8_t",
      "pytype": "<B",
      "access": 1,
      "extended": false
    },
    "imuPhi": {
      "__class__": "ParamTocElement",
      "ident": 65,
      "group": "imu_tests",
      "name": "imuPhi",
      "ctype": "float",
      "pytype": "<f",
      "access": 0,
      "extended": true
    },
    "imuTheta": {
      "__class__": "ParamTocElement",
      "ident": 66,
      "group": "imu_tests",
      "name": "imuTheta",
      "ctype": "float",
      "pytype": "<f",
      "access": 0,
      "extended": true
    },
    "imuPsi": {
      "__class__": "ParamTocElement",
      "ident": 67,
      "group": "imu_tests",
      "name": "imuPsi",
      "ctype": "float",
      "pytype": "<f",
      "access": 0,
      "extended": true
    }
  },
  "syslink": {
    "probe": {
      "__class__": "ParamTocElement",
      "ident": 68,
      "group": "syslink",
      "name": "probe",
      "ctype": "uint8_t",
      "pytype": "<B",
      "access": 0,
      "extended": false
    }
  },
  "usec": {
    "reset": {
      "__class__": "ParamTocElement",
      "ident": 69,
      "group": "usec",
      "name": "reset",
      "ctype": "uint8_t",
      "pytype": "<B",
      "access": 0,
      "extended": false
    }
  },
  "colAv": {
    "enable": {
      "__class__": "ParamTocElement",
      "ident": 70,
      "group": "colAv",
      "name": "enable",
      "ctype": "uint8_t",
      "pytype": "<B",
      "access": 0,
      "extended": false
    },
    "ellipsoidX": {
      "__class__": "ParamTocElement",
      "ident": 71,
      "group": "colAv",
      "name": "ellipsoidX",
      "ctype": "float",
      "pytype": "<f",
      "access": 0,
      "extended": false
    },
    "ellipsoidY": {
      "__class__": "ParamTocElement",
      "ident": 72,
      "group": "colAv",
      "name": "ellipsoidY",
      "ctype": "float",
      "pytype": "<f",
      "access": 0,
      "extended": false
    },
    "ellipsoidZ": {
      "__class__": "ParamTocElement",
      "ident": 73,
      "group": "colAv",
      "name": "ellipsoidZ",
      "ctype": "float",
      "pytype": "<f",
      "access": 0,
      "extended": false
    },
    "bboxMinX": {
      "__class__": "ParamTocElement",
      "ident": 74,
      "group": "colAv",
      "name": "bboxMinX",
      "ctype": "float",
      "pytype": "<f",
      "access": 0,
      "extended": false
    },
    "bboxMinY": {
      "__class__": "ParamTocElement",
      "ident": 75,
      "group": "colAv",
      "name": "bboxMinY",
      "ctype": "float",
      "pytype": "<f",
      "access": 0,
      "extended": false
    },
    "bboxMinZ": {
      "__class__": "ParamTocElement",
      "ident": 76,
      "group": "colAv",
      "name": "bboxMinZ",
      "ctype": "float",
      "pytype": "<f",
      "access": 0,
      "extended": false
    },
    "bboxMaxX": {
      "__class__": "ParamTocElement",
      "ident": 77,
      "group": "colAv",
      "name": "bboxMaxX",
      "ctype": "float",
      "pytype": "<f",
      "access": 0,
      "extended": false
    },
    "bboxMaxY": {
      "__class__": "ParamTocElement",
      "ident": 78,
      "group": "colAv",
      "name": "bboxMaxY",
      "ctype": "float",
      "pytype": "<f",
      "access": 0,
      "extended": false
    },
    "bboxMaxZ": {
      "__class__": "ParamTocElement",
      "ident": 79,
      "group": "colAv",
      "name": "bboxMaxZ",
      "ctype": "float",
      "pytype": "<f",
      "access": 0,
      "extended": false
    },
    "horizon": {
      "__class__": "ParamTocElement",
      "ident": 80,
      "group": "colAv",
      "name": "horizon",
      "ctype": "float",
      "pytype": "<f",
      "access": 0,
      "extended": false
    },
    "maxSpeed": {
      "__class__": "ParamTocElement",
      "ident": 81,
      "group": "colAv",
      "name": "maxSpeed",
      "ctype": "float",
      "pytype": "<f",
      "access": 0,
      "extended": false
    },
    "sidestepThrsh": {
      "__class__": "ParamTocElement",
      "ident": 82,
      "group": "colAv",
      "name": "sidestepThrsh",
      "ctype": "float",
      "pytype": "<f",
      "access": 0,
      "extended": false
    },
    "maxPeerLocAge": {
      "__class__": "ParamTocElement",
      "ident": 83,
      "group": "colAv",
      "name": "maxPeerLocAge",
      "ctype": "int32_t",
      "pytype": "<i",
      "access": 0,
      "extended": false
    },
    "vorTol": {
      "__class__": "ParamTocElement",
      "ident": 84,
      "group": "colAv",
      "name": "vorTol",
      "ctype": "float",
      "pytype": "<f",
      "access": 0,
      "extended": false
    },
    "vorIters": {
      "__class__": "ParamTocElement",
      "ident": 85,
      "group": "colAv",
      "name": "vorIters",
      "ctype": "int32_t",
      "pytype": "<i",
      "access": 0,
      "extended": false
    }
  },
  "commander": {
    "enHighLevel": {
      "__class__": "ParamTocElement",
      "ident": 86,
      "group": "commander",
      "name": "enHighLevel",
      "ctype": "uint8_t",
      "pytype": "<B",
      "access": 0,
      "extended": false
    }
  },
  "cppm": {
    "rateRoll": {
      "__class__": "ParamTocElement",
      "ident": 87,
      "group": "cppm",
      "name": "rateRoll",
      "ctype": "float",
      "pytype": "<f",
      "access": 0,
      "extended": true
    },
    "ratePitch": {
      "__class__": "ParamTocElement",
      "ident": 88,
      "group": "cppm",
      "name": "ratePitch",
      "ctype": "float",
      "pytype": "<f",
      "access": 0,
      "extended": true
    },
    "angPitch": {
      "__class__": "ParamTocElement",
      "ident": 89,
      "group": "cppm",
      "name": "angPitch",
      "ctype": "float",
      "pytype": "<f",
      "access": 0,
      "extended": true
    },
    "angRoll": {
      "__class__": "ParamTocElement",
      "ident": 90,
      "group": "cppm",
      "name": "angRoll",
      "ctype": "float",
      "pytype": "<f",
      "access": 0,
      "extended": true
    },
    "rateYaw": {
      "__class__": "ParamTocElement",
      "ident": 91,
      "group": "cppm",
      "name": "rateYaw",
      "ctype": "float",
      "pytype": "<f",
      "access": 0,
      "extended": true
    }
  },
  "hlCommander": {
    "vtoff": {
      "__class__": "ParamTocElement",
      "ident": 92,
      "group": "hlCommander",
      "name": "vtoff",
      "ctype": "float",
      "pytype": "<f",
      "access": 0,
      "extended": false
    },
    "vland": {
      "__class__": "ParamTocElement",
      "ident": 93,
      "group": "hlCommander",
      "name": "vland",
      "ctype": "float",
      "pytype": "<f",
      "access": 0,
      "extended": false
    },
    "groupmask": {
      "__class__": "ParamTocElement",
      "ident": 94,
      "group": "hlCommander",
      "name": "groupmask",
      "ctype": "uint8_t",
      "pytype": "<B",
      "access": 0,
      "extended": false
    }
  },
  "flightmode": {
    "althold": {
      "__class__": "ParamTocElement",
      "ident": 95,
      "group": "flightmode",
      "name": "althold",
      "ctype": "uint8_t",
      "pytype": "<B",
      "access": 0,
      "extended": false
    },
    "poshold": {
      "__class__": "ParamTocElement",
      "ident": 96,
      "group": "flightmode",
      "name": "poshold",
      "ctype": "uint8_t",
      "pytype": "<B",
      "access": 0,
      "extended": false
    },
    "posSet": {
      "__class__": "ParamTocElement",
      "ident": 97,
      "group": "flightmode",
      "name": "posSet",
      "ctype": "uint8_t",
      "pytype": "<B",
      "access": 0,
      "extended": false
    },
    "yawMode": {
      "__class__": "ParamTocElement",
      "ident": 98,
      "group": "flightmode",
      "name": "yawMode",
      "ctype": "uint8_t",
      "pytype": "<B",
      "access": 0,
      "extended": false
    },
    "stabModeRoll": {
      "__class__": "ParamTocElement",
      "ident": 99,
      "group": "flightmode",
      "name": "stabModeRoll",
      "ctype": "uint8_t",
      "pytype": "<B",
      "access": 0,
      "extended": false
    },
    "stabModePitch": {
      "__class__": "ParamTocElement",
      "ident": 100,
      "group": "flightmode",
      "name": "stabModePitch",
      "ctype": "uint8_t",
      "pytype": "<B",
      "access": 0,
      "extended": false
    },
    "stabModeYaw": {
      "__class__": "ParamTocElement",
      "ident": 101,
      "group": "flightmode",
      "name": "stabModeYaw",
      "ctype": "uint8_t",
      "pytype": "<B",
      "access": 0,
      "extended": false
    }
  },
  "locSrv": {
    "enRangeStreamFP32": {
      "__class__": "ParamTocElement",
      "ident": 102,
      "group": "locSrv",
      "name": "enRangeStreamFP32",
      "ctype": "uint8_t",
      "pytype": "<B",
      "access": 0,
      "extended": false
    },
    "enLhAngleStream": {
      "__class__": "ParamTocElement",
      "ident": 103,
      "group": "locSrv",
      "name": "enLhAngleStream",
      "ctype": "uint8_t",
      "pytype": "<B",
      "access": 0,
      "extended": false
    },
    "extPosStdDev": {
      "__class__": "ParamTocElement",
      "ident": 104,
      "group": "locSrv",
      "name": "extPosStdDev",
      "ctype": "float",
      "pytype": "<f",
      "access": 0,
      "extended": false
    },
    "extQuatStdDev": {
      "__class__": "ParamTocElement",
      "ident": 105,
      "group": "locSrv",
      "name": "extQuatStdDev",
      "ctype": "float",
      "pytype": "<f",
      "access": 0,
      "extended": false
    }
  },
  "crtpsrv": {
    "echoDelay": {
      "__class__": "ParamTocElement",
      "ident": 106,
      "group": "crtpsrv",
      "name": "echoDelay",
      "ctype": "uint16_t",
      "pytype": "<H",
      "access": 0,
      "extended": false
    }
  },
  "health": {
    "startPropTest": {
      "__class__": "ParamTocElement",
      "ident": 107,
      "group": "health",
      "name": "startPropTest",
      "ctype": "uint8_t",
      "pytype": "<B",
      "access": 0,
      "extended": false
    },
    "startBatTest": {
      "__class__": "ParamTocElement",
      "ident": 108,
      "group": "health",
      "name": "startBatTest",
      "ctype": "uint8_t",
      "pytype": "<B",
      "access": 0,
      "extended": false
    },
    "propTestPWMRatio": {
      "__class__": "ParamTocElement",
      "ident": 109,
      "group": "health",
      "name": "propTestPWMRatio",
      "ctype": "uint16_t",
      "pytype": "<H",
      "access": 0,
      "extended": true
    },
    "batTestPWMRatio": {
      "__class__": "ParamTocElement",
      "ident": 110,
      "group": "health",
      "name": "batTestPWMRatio",
      "ctype": "uint16_t",
      "pytype": "<H",
      "access": 0,
      "extended": true
    }
  },
  "kalman": {
    "maxPos": {
      "__class__": "ParamTocElement",
      "ident": 111,
      "group": "kalman",
      "name": "maxPos",
      "ctype": "float",
      "pytype": "<f",
      "access": 0,
      "extended": false
    },
    "maxVel": {
      "__class__": "ParamTocElement",
      "ident": 112,
      "group": "kalman",
      "name": "maxVel",
      "ctype": "float",
      "pytype": "<f",
      "access": 0,
      "extended": false
    },
    "resetEstimation": {
      "__class__": "ParamTocElement",
      "ident": 113,
      "group": "kalman",
      "name": "resetEstimation",
      "ctype": "uint8_t",
      "pytype": "<B",
      "access": 0,
      "extended": false
    },
    "robustTdoa": {
      "__class__": "ParamTocElement",
      "ident": 114,
      "group": "kalman",
      "name": "robustTdoa",
      "ctype": "uint8_t",
      "pytype": "<B",
      "access": 0,
      "extended": false
    },
    "robustTwr": {
      "__class__": "ParamTocElement",
      "ident": 115,
      "group": "kalman",
      "name": "robustTwr",
      "ctype": "uint8_t",
      "pytype": "<B",
      "access": 0,
      "extended": false
    },
    "pNAcc_xy": {
      "__class__": "ParamTocElement",
      "ident": 116,
      "group": "kalman",
      "name": "pNAcc_xy",
      "ctype": "float",
      "pytype": "<f",
      "access": 0,
      "extended": true
    },
    "pNAcc_z": {
      "__class__": "ParamTocElement",
      "ident": 117,
      "group": "kalman",
      "name": "pNAcc_z",
      "ctype": "float",
      "pytype": "<f",
      "access": 0,
      "extended": true
    },
    "pNVel": {
      "__class__": "ParamTocElement",
      "ident": 118,
      "group": "kalman",
      "name": "pNVel",
      "ctype": "float",
      "pytype": "<f",
      "access": 0,
      "extended": true
    },
    "pNPos": {
      "__class__": "ParamTocElement",
      "ident": 119,
      "group": "kalman",
      "name": "pNPos",
      "ctype": "float",
      "pytype": "<f",
      "access": 0,
      "extended": true
    },
    "pNAtt": {
      "__class__": "ParamTocElement",
      "ident": 120,
      "group": "kalman",
      "name": "pNAtt",
      "ctype": "float",
      "pytype": "<f",
      "access": 0,
      "extended": true
    },
    "mNBaro": {
      "__class__": "ParamTocElement",
      "ident": 121,
      "group": "kalman",
      "name": "mNBaro",
      "ctype": "float",
      "pytype": "<f",
      "access": 0,
      "extended": true
    },
    "mNGyro_rollpitch": {
      "__class__": "ParamTocElement",
      "ident": 122,
      "group": "kalman",
      "name": "mNGyro_rollpitch",
      "ctype": "float",
      "pytype": "<f",
      "access": 0,
      "extended": true
    },
    "mNGyro_yaw": {
      "__class__": "ParamTocElement",
      "ident": 123,
      "group": "kalman",
      "name": "mNGyro_yaw",
      "ctype": "float",
      "pytype": "<f",
      "access": 0,
      "extended": true
    },
    "initialX": {
      "__class__": "ParamTocElement",
      "ident": 124,
      "group": "kalman",
      "name": "initialX",
      "ctype": "float",
      "pytype": "<f",
      "access": 0,
      "extended": false
    },
    "initialY": {
      "__class__": "ParamTocElement",
      "ident": 125,
      "group": "kalman",
      "name": "initialY",
      "ctype": "float",
      "pytype": "<f",
      "access": 0,
      "extended": false
    },
    "initialZ": {
      "__class__": "ParamTocElement",
      "ident": 126,
      "group": "kalman",
      "name": "initialZ",
      "ctype": "float",
      "pytype": "<f",
      "access": 0,
      "extended": false
    },
    "initialYaw": {
      "__class__": "ParamTocElement",
      "ident": 127,
      "group": "kalman",
      "name": "initialYaw",
      "ctype": "float",
      "pytype": "<f",
      "access": 0,
      "extended": false
    }
  },
  "memTst": {
    "resetW": {
      "__class__": "ParamTocElement",
      "ident": 128,
      "group": "memTst",
      "name": "resetW",
      "ctype": "uint8_t",
      "pytype": "<B",
      "access": 0,
      "extended": false
    }
  },
  "powerDist": {
    "idleThrust": {
      "__class__": "ParamTocElement",
      "ident": 129,
      "group": "powerDist",
      "name": "idleThrust",
      "ctype": "uint32_t",
      "pytype": "<L",
      "access": 0,
      "extended": true
    }
  },
  "quadSysId": {
    "thrustToTorque": {
      "__class__": "ParamTocElement",
      "ident": 130,
      "group": "quadSysId",
      "name": "thrustToTorque",
      "ctype": "float",
      "pytype": "<f",
      "access": 0,
      "extended": false
    },
    "pwmToThrustA": {
      "__class__": "ParamTocElement",
      "ident": 131,
      "group": "quadSysId",
      "name": "pwmToThrustA",
      "ctype": "float",
      "pytype": "<f",
      "access": 0,
      "extended": false
    },
    "pwmToThrustB": {
      "__class__": "ParamTocElement",
      "ident": 132,
      "group": "quadSysId",
      "name": "pwmToThrustB",
      "ctype": "float",
      "pytype": "<f",
      "access": 0,
      "extended": false
    },
    "armLength": {
      "__class__": "ParamTocElement",
      "ident": 133,
      "group": "quadSysId",
      "name": "armLength",
      "ctype": "float",
      "pytype": "<f",
      "access": 0,
      "extended": false
    }
  },
  "sensfusion6": {
    "kp": {
      "__class__": "ParamTocElement",
      "ident": 134,
      "group": "sensfusion6",
      "name": "kp",
      "ctype": "float",
      "pytype": "<f",
      "access": 0,
      "extended": true
    },
    "ki": {
      "__class__": "ParamTocElement",
      "ident": 135,
      "group": "sensfusion6",
      "name": "ki",
      "ctype": "float",
      "pytype": "<f",
      "access": 0,
      "extended": true
    },
    "baseZacc": {
      "__class__": "ParamTocElement",
      "ident": 136,
      "group": "sensfusion6",
      "name": "baseZacc",
      "ctype": "float",
      "pytype": "<f",
      "access": 0,
      "extended": false
    }
  },
  "sound": {
    "effect": {
      "__class__": "ParamTocElement",
      "ident": 137,
      "group": "sound",
      "name": "effect",
      "ctype": "uint8_t",
      "pytype": "<B",
      "access": 0,
      "extended": true
    },
    "neffect": {
      "__class__": "ParamTocElement",
      "ident": 138,
      "group": "sound",
      "name": "neffect",
      "ctype": "uint32_t",
      "pytype": "<L",
      "access": 1,
      "extended": false
    },
    "freq": {
      "__class__": "ParamTocElement",
      "ident": 139,
      "group": "sound",
      "name": "freq",
      "ctype": "uint16_t",
      "pytype": "<H",
      "access": 0,
      "extended": false
    }
  },
  "stabilizer": {
    "estimator": {
      "__class__": "ParamTocElement",
      "ident": 140,
      "group": "stabilizer",
      "name": "estimator",
      "ctype": "uint8_t",
      "pytype": "<B",
      "access": 0,
      "extended": false
    },
    "controller": {
      "__class__": "ParamTocElement",
      "ident": 141,
      "group": "stabilizer",
      "name": "controller",
      "ctype": "uint8_t",
      "pytype": "<B",
      "access": 0,
      "extended": false
    },
    "stop": {
      "__class__": "ParamTocElement",
      "ident": 142,
      "group": "stabilizer",
      "name": "stop",
      "ctype": "uint8_t",
      "pytype": "<B",
      "access": 0,
      "extended": false
    }
  },
  "supervisor": {
    "infdmp": {
      "__class__": "ParamTocElement",
      "ident": 143,
      "group": "supervisor",
      "name": "infdmp",
      "ctype": "uint8_t",
      "pytype": "<B",
      "access": 0,
      "extended": false
    },
    "landedTimeout": {
      "__class__": "ParamTocElement",
      "ident": 144,
      "group": "supervisor",
      "name": "landedTimeout",
      "ctype": "uint16_t",
      "pytype": "<H",
      "access": 0,
      "extended": true
    }
  },
  "cpu": {
    "flash": {
      "__class__": "ParamTocElement",
      "ident": 145,
      "group": "cpu",
      "name": "flash",
      "ctype": "uint16_t",
      "pytype": "<H",
      "access": 1,
      "extended": false
    },
    "id0": {
      "__class__": "ParamTocElement",
      "ident": 146,
      "group": "cpu",
      "name": "id0",
      "ctype": "uint32_t",
      "pytype": "<L",
      "access": 1,
      "extended": false
    },
    "id1": {
      "__class__": "ParamTocElement",
      "ident": 147,
      "group": "cpu",
      "name": "id1",
      "ctype": "uint32_t",
      "pytype": "<L",
      "access": 1,
      "extended": false
    },
    "id2": {
      "__class__": "ParamTocElement",
      "ident": 148,
      "group": "cpu",
      "name": "id2",
      "ctype": "uint32_t",
      "pytype": "<L",
      "access": 1,
      "extended": false
    }
  },
  "tdoaEngine": {
    "logId": {
      "__class__": "ParamTocElement",
      "ident": 149,
      "group": "tdoaEngine",
      "name": "logId",
      "ctype": "uint8_t",
      "pytype": "<B",
      "access": 0,
      "extended": false
    },
    "logOthrId": {
      "__class__": "ParamTocElement",
      "ident": 150,
      "group": "tdoaEngine",
      "name": "logOthrId",
      "ctype": "uint8_t",
      "pytype": "<B",
      "access": 0,
      "extended": false
    },
    "matchAlgo": {
      "__class__": "ParamTocElement",
      "ident": 151,
      "group": "tdoaEngine",
      "name": "matchAlgo",
      "ctype": "uint8_t",
      "pytype": "<B",
      "access": 0,
      "extended": false
    }
  },
  "lighthouse": {
    "method": {
      "__class__": "ParamTocElement",
      "ident": 152,
      "group": "lighthouse",
      "name": "method",
      "ctype": "uint8_t",
      "pytype": "<B",
      "access": 0,
      "extended": false
    },
    "bsCalibReset": {
      "__class__": "ParamTocElement",
      "ident": 153,
      "group": "lighthouse",
      "name": "bsCalibReset",
      "ctype": "uint8_t",
      "pytype": "<B",
      "access": 0,
      "extended": false
    },
    "systemType": {
      "__class__": "ParamTocElement",
      "ident": 154,
      "group": "lighthouse",
      "name": "systemType",
      "ctype": "uint8_t",
      "pytype": "<B",
      "access": 0,
      "extended": false
    },
    "bsAvailable": {
      "__class__": "ParamTocElement",
      "ident": 155,
      "group": "lighthouse",
      "name": "bsAvailable",
      "ctype": "uint16_t",
      "pytype": "<H",
      "access": 1,
      "extended": false
    },
    "sweepStd": {
      "__class__": "ParamTocElement",
      "ident": 156,
      "group": "lighthouse",
      "name": "sweepStd",
      "ctype": "float",
      "pytype": "<f",
      "access": 0,
      "extended": false
    },
    "sweepStd2": {
      "__class__": "ParamTocElement",
      "ident": 157,
      "group": "lighthouse",
      "name": "sweepStd2",
      "ctype": "float",
      "pytype": "<f",
      "access": 0,
      "extended": false
    },
    "enLhRawStream": {
      "__class__": "ParamTocElement",
      "ident": 158,
      "group": "lighthouse",
      "name": "enLhRawStream",
      "ctype": "uint8_t",
      "pytype": "<B",
      "access": 0,
      "extended": false
    },
    "lh2maxRate": {
      "__class__": "ParamTocElement",
      "ident": 159,
      "group": "lighthouse",
      "name": "lh2maxRate",
      "ctype": "uint16_t",
      "pytype": "<H",
      "access": 0,
      "extended": false
    }
  },
  "pid_attitude": {
    "roll_kp": {
      "__class__": "ParamTocElement",
      "ident": 160,
      "group": "pid_attitude",
      "name": "roll_kp",
      "ctype": "float",
      "pytype": "<f",
      "access": 0,
      "extended": true
    },
    "roll_ki": {
      "__class__": "ParamTocElement",
      "ident": 161,
      "group": "pid_attitude",
      "name": "roll_ki",
      "ctype": "float",
      "pytype": "<f",
      "access": 0,
      "extended": true
    },
    "roll_kd": {
      "__class__": "ParamTocElement",
      "ident": 162,
      "group": "pid_attitude",
      "name": "roll_kd",
      "ctype": "float",
      "pytype": "<f",
      "access": 0,
      "extended": true
    },
    "roll_kff": {
      "__class__": "ParamTocElement",
      "ident": 163,
      "group": "pid_attitude",
      "name": "roll_kff",
      "ctype": "float",
      "pytype": "<f",
      "access": 0,
      "extended": true
    },
    "pitch_kp": {
      "__class__": "ParamTocElement",
      "ident": 164,
      "group": "pid_attitude",
      "name": "pitch_kp",
      "ctype": "float",
      "pytype": "<f",
      "access": 0,
      "extended": true
    },
    "pitch_ki": {
      "__class__": "ParamTocElement",
      "ident": 165,
      "group": "pid_attitude",
      "name": "pitch_ki",
      "ctype": "float",
      "pytype": "<f",
      "access": 0,
      "extended": true
    },
    "pitch_kd": {
      "__class__": "ParamTocElement",
      "ident": 166,
      "group": "pid_attitude",
      "name": "pitch_kd",
      "ctype": "float",
      "pytype": "<f",
      "access": 0,
      "extended": true
    },
    "pitch_kff": {
      "__class__": "ParamTocElement",
      "ident": 167,
      "group": "pid_attitude",
      "name": "pitch_kff",
      "ctype": "float",
      "pytype": "<f",
      "access": 0,
      "extended": true
    },
    "yaw_kp": {
      "__class__": "ParamTocElement",
      "ident": 168,
      "group": "pid_attitude",
      "name": "yaw_kp",
      "ctype": "float",
      "pytype": "<f",
      "access": 0,
      "extended": true
    },
    "yaw_ki": {
      "__class__": "ParamTocElement",
      "ident": 169,
      "group": "pid_attitude",
      "name": "yaw_ki",
      "ctype": "float",
      "pytype": "<f",
      "access": 0,
      "extended": true
    },
    "yaw_kd": {
      "__class__": "ParamTocElement",
      "ident": 170,
      "group": "pid_attitude",
      "name": "yaw_kd",
      "ctype": "float",
      "pytype": "<f",
      "access": 0,
      "extended": true
    },
    "yaw_kff": {
      "__class__": "ParamTocElement",
      "ident": 171,
      "group": "pid_attitude",
      "name": "yaw_kff",
      "ctype": "float",
      "pytype": "<f",
      "access": 0,
      "extended": true
    },
    "yawMaxDelta": {
      "__class__": "ParamTocElement",
      "ident": 172,
      "group": "pid_attitude",
      "name": "yawMaxDelta",
      "ctype": "float",
      "pytype": "<f",
      "access": 0,
      "extended": true
    },
    "attFiltEn": {
      "__class__": "ParamTocElement",
      "ident": 173,
      "group": "pid_attitude",
      "name": "attFiltEn",
      "ctype": "int8_t",
      "pytype": "<b",
      "access": 0,
      "extended": true
    },
    "attFiltCut": {
      "__class__": "ParamTocElement",
      "ident": 174,
      "group": "pid_attitude",
      "name": "attFiltCut",
      "ctype": "float",
      "pytype": "<f",
      "access": 0,
      "extended": true
    }
  },
  "pid_rate": {
    "roll_kp": {
      "__class__": "ParamTocElement",
      "ident": 175,
      "group": "pid_rate",
      "name": "roll_kp",
      "ctype": "float",
      "pytype": "<f",
      "access": 0,
      "extended": true
    },
    "roll_ki": {
      "__class__": "ParamTocElement",
      "ident": 176,
      "group": "pid_rate",
      "name": "roll_ki",
      "ctype": "float",
      "pytype": "<f",
      "access": 0,
      "extended": true
    },
    "roll_kd": {
      "__class__": "ParamTocElement",
      "ident": 177,
      "group": "pid_rate",
      "name": "roll_kd",
      "ctype": "float",
      "pytype": "<f",
      "access": 0,
      "extended": true
    },
    "roll_kff": {
      "__class__": "ParamTocElement",
      "ident": 178,
      "group": "pid_rate",
      "name": "roll_kff",
      "ctype": "float",
      "pytype": "<f",
      "access": 0,
      "extended": true
    },
    "pitch_kp": {
      "__class__": "ParamTocElement",
      "ident": 179,
      "group": "pid_rate",
      "name": "pitch_kp",
      "ctype": "float",
      "pytype": "<f",
      "access": 0,
      "extended": true
    },
    "pitch_ki": {
      "__class__": "ParamTocElement",
      "ident": 180,
      "group": "pid_rate",
      "name": "pitch_ki",
      "ctype": "float",
      "pytype": "<f",
      "access": 0,
      "extended": true
    },
    "pitch_kd": {
      "__class__": "ParamTocElement",
      "ident": 181,
      "group": "pid_rate",
      "name": "pitch_kd",
      "ctype": "float",
      "pytype": "<f",
      "access": 0,
      "extended": true
    },
    "pitch_kff": {
      "__class__": "ParamTocElement",
      "ident": 182,
      "group": "pid_rate",
      "name": "pitch_kff",
      "ctype": "float",
      "pytype": "<f",
      "access": 0,
      "extended": true
    },
    "yaw_kp": {
      "__class__": "ParamTocElement",
      "ident": 183,
      "group": "pid_rate",
      "name": "yaw_kp",
      "ctype": "float",
      "pytype": "<f",
      "access": 0,
      "extended": true
    },
    "yaw_ki": {
      "__class__": "ParamTocElement",
      "ident": 184,
      "group": "pid_rate",
      "name": "yaw_ki",
      "ctype": "float",
      "pytype": "<f",
      "access": 0,
      "extended": true
    },
    "yaw_kd": {
      "__class__": "ParamTocElement",
      "ident": 185,
      "group": "pid_rate",
      "name": "yaw_kd",
      "ctype": "float",
      "pytype": "<f",
      "access": 0,
      "extended": true
    },
    "yaw_kff": {
      "__class__": "ParamTocElement",
      "ident": 186,
      "group": "pid_rate",
      "name": "yaw_kff",
      "ctype": "float",
      "pytype": "<f",
      "access": 0,
      "extended": true
    },
    "rateFiltEn": {
      "__class__": "ParamTocElement",
      "ident": 187,
      "group": "pid_rate",
      "name": "rateFiltEn",
      "ctype": "int8_t",
      "pytype": "<b",
      "access": 0,
      "extended": true
    },
    "omxFiltCut": {
      "__class__": "ParamTocElement",
      "ident": 188,
      "group": "pid_rate",
      "name": "omxFiltCut",
      "ctype": "float",
      "pytype": "<f",
      "access": 0,
      "extended": true
    },
    "omyFiltCut": {
      "__class__": "ParamTocElement",
      "ident": 189,
      "group": "pid_rate",
      "name": "omyFiltCut",
      "ctype": "float",
      "pytype": "<f",
      "access": 0,
      "extended": true
    },
    "omzFiltCut": {
      "__class__": "ParamTocElement",
      "ident": 190,
      "group": "pid_rate",
      "name": "omzFiltCut",
      "ctype": "float",
      "pytype": "<f",
      "access": 0,
      "extended": true
    }
  },
  "ctrlINDI": {
    "thrust_threshold": {
      "__class__": "ParamTocElement",
      "ident": 191,
      "group": "ctrlINDI",
      "name": "thrust_threshold",
      "ctype": "float",
      "pytype": "<f",
      "access": 0,
      "extended": false
    },
    "bound_ctrl_input": {
      "__class__": "ParamTocElement",
      "ident": 192,
      "group": "ctrlINDI",
      "name": "bound_ctrl_input",
      "ctype": "float",
      "pytype": "<f",
      "access": 0,
      "extended": false
    },
    "g1_p": {
      "__class__": "ParamTocElement",
      "ident": 193,
      "group": "ctrlINDI",
      "name": "g1_p",
      "ctype": "float",
      "pytype": "<f",
      "access": 0,
      "extended": false
    },
    "g1_q": {
      "__class__": "ParamTocElement",
      "ident": 194,
      "group": "ctrlINDI",
      "name": "g1_q",
      "ctype": "float",
      "pytype": "<f",
      "access": 0,
      "extended": false
    },
    "g1_r": {
      "__class__": "ParamTocElement",
      "ident": 195,
      "group": "ctrlINDI",
      "name": "g1_r",
      "ctype": "float",
      "pytype": "<f",
      "access": 0,
      "extended": false
    },
    "g2": {
      "__class__": "ParamTocElement",
      "ident": 196,
      "group": "ctrlINDI",
      "name": "g2",
      "ctype": "float",
      "pytype": "<f",
      "access": 0,
      "extended": false
    },
    "ref_err_p": {
      "__class__": "ParamTocElement",
      "ident": 197,
      "group": "ctrlINDI",
      "name": "ref_err_p",
      "ctype": "float",
      "pytype": "<f",
      "access": 0,
      "extended": false
    },
    "ref_err_q": {
      "__class__": "ParamTocElement",
      "ident": 198,
      "group": "ctrlINDI",
      "name": "ref_err_q",
      "ctype": "float",
      "pytype": "<f",
      "access": 0,
      "extended": false
    },
    "ref_err_r": {
      "__class__": "ParamTocElement",
      "ident": 199,
      "group": "ctrlINDI",
      "name": "ref_err_r",
      "ctype": "float",
      "pytype": "<f",
      "access": 0,
      "extended": false
    },
    "ref_rate_p": {
      "__class__": "ParamTocElement",
      "ident": 200,
      "group": "ctrlINDI",
      "name": "ref_rate_p",
      "ctype": "float",
      "pytype": "<f",
      "access": 0,
      "extended": false
    },
    "ref_rate_q": {
      "__class__": "ParamTocElement",
      "ident": 201,
      "group": "ctrlINDI",
      "name": "ref_rate_q",
      "ctype": "float",
      "pytype": "<f",
      "access": 0,
      "extended": false
    },
    "ref_rate_r": {
      "__class__": "ParamTocElement",
      "ident": 202,
      "group": "ctrlINDI",
      "name": "ref_rate_r",
      "ctype": "float",
      "pytype": "<f",
      "access": 0,
      "extended": false
    },
    "act_dyn_p": {
      "__class__": "ParamTocElement",
      "ident": 203,
      "group": "ctrlINDI",
      "name": "act_dyn_p",
      "ctype": "float",
      "pytype": "<f",
      "access": 0,
      "extended": false
    },
    "act_dyn_q": {
      "__class__": "ParamTocElement",
      "ident": 204,
      "group": "ctrlINDI",
      "name": "act_dyn_q",
      "ctype": "float",
      "pytype": "<f",
      "access": 0,
      "extended": false
    },
    "act_dyn_r": {
      "__class__": "ParamTocElement",
      "ident": 205,
      "group": "ctrlINDI",
      "name": "act_dyn_r",
      "ctype": "float",
      "pytype": "<f",
      "access": 0,
      "extended": false
    },
    "filt_cutoff": {
      "__class__": "ParamTocElement",
      "ident": 206,
      "group": "ctrlINDI",
      "name": "filt_cutoff",
      "ctype": "float",
      "pytype": "<f",
      "access": 0,
      "extended": false
    },
    "filt_cutoff_r": {
      "__class__": "ParamTocElement",
      "ident": 207,
      "group": "ctrlINDI",
      "name": "filt_cutoff_r",
      "ctype": "float",
      "pytype": "<f",
      "access": 0,
      "extended": false
    },
    "outerLoopActive": {
      "__class__": "ParamTocElement",
      "ident": 208,
      "group": "ctrlINDI",
      "name": "outerLoopActive",
      "ctype": "uint8_t",
      "pytype": "<B",
      "access": 0,
      "extended": false
    }
  },
  "ctrlMel": {
    "kp_xy": {
      "__class__": "ParamTocElement",
      "ident": 209,
      "group": "ctrlMel",
      "name": "kp_xy",
      "ctype": "float",
      "pytype": "<f",
      "access": 0,
      "extended": true
    },
    "kd_xy": {
      "__class__": "ParamTocElement",
      "ident": 210,
      "group": "ctrlMel",
      "name": "kd_xy",
      "ctype": "float",
      "pytype": "<f",
      "access": 0,
      "extended": true
    },
    "ki_xy": {
      "__class__": "ParamTocElement",
      "ident": 211,
      "group": "ctrlMel",
      "name": "ki_xy",
      "ctype": "float",
      "pytype": "<f",
      "access": 0,
      "extended": true
    },
    "i_range_xy": {
      "__class__": "ParamTocElement",
      "ident": 212,
      "group": "ctrlMel",
      "name": "i_range_xy",
      "ctype": "float",
      "pytype": "<f",
      "access": 0,
      "extended": true
    },
    "kp_z": {
      "__class__": "ParamTocElement",
      "ident": 213,
      "group": "ctrlMel",
      "name": "kp_z",
      "ctype": "float",
      "pytype": "<f",
      "access": 0,
      "extended": true
    },
    "kd_z": {
      "__class__": "ParamTocElement",
      "ident": 214,
      "group": "ctrlMel",
      "name": "kd_z",
      "ctype": "float",
      "pytype": "<f",
      "access": 0,
      "extended": true
    },
    "ki_z": {
      "__class__": "ParamTocElement",
      "ident": 215,
      "group": "ctrlMel",
      "name": "ki_z",
      "ctype": "float",
      "pytype": "<f",
      "access": 0,
      "extended": true
    },
    "i_range_z": {
      "__class__": "ParamTocElement",
      "ident": 216,
      "group": "ctrlMel",
      "name": "i_range_z",
      "ctype": "float",
      "pytype": "<f",
      "access": 0,
      "extended": true
    },
    "mass": {
      "__class__": "ParamTocElement",
      "ident": 217,
      "group": "ctrlMel",
      "name": "mass",
      "ctype": "float",
      "pytype": "<f",
      "access": 0,
      "extended": true
    },
    "massThrust": {
      "__class__": "ParamTocElement",
      "ident": 218,
      "group": "ctrlMel",
      "name": "massThrust",
      "ctype": "float",
      "pytype": "<f",
      "access": 0,
      "extended": true
    },
    "kR_xy": {
      "__class__": "ParamTocElement",
      "ident": 219,
      "group": "ctrlMel",
      "name": "kR_xy",
      "ctype": "float",
      "pytype": "<f",
      "access": 0,
      "extended": true
    },
    "kR_z": {
      "__class__": "ParamTocElement",
      "ident": 220,
      "group": "ctrlMel",
      "name": "kR_z",
      "ctype": "float",
      "pytype": "<f",
      "access": 0,
      "extended": true
    },
    "kw_xy": {
      "__class__": "ParamTocElement",
      "ident": 221,
      "group": "ctrlMel",
      "name": "kw_xy",
      "ctype": "float",
      "pytype": "<f",
      "access": 0,
      "extended": true
    },
    "kw_z": {
      "__class__": "ParamTocElement",
      "ident": 222,
      "group": "ctrlMel",
      "name": "kw_z",
      "ctype": "float",
      "pytype": "<f",
      "access": 0,
      "extended": true
    },
    "ki_m_xy": {
      "__class__": "ParamTocElement",
      "ident": 223,
      "group": "ctrlMel",
      "name": "ki_m_xy",
      "ctype": "float",
      "pytype": "<f",
      "access": 0,
      "extended": true
    },
    "ki_m_z": {
      "__class__": "ParamTocElement",
      "ident": 224,
      "group": "ctrlMel",
      "name": "ki_m_z",
      "ctype": "float",
      "pytype": "<f",
      "access": 0,
      "extended": true
    },
    "kd_omega_rp": {
      "__class__": "ParamTocElement",
      "ident": 225,
      "group": "ctrlMel",
      "name": "kd_omega_rp",
      "ctype": "float",
      "pytype": "<f",
      "access": 0,
      "extended": true
    },
    "i_range_m_xy": {
      "__class__": "ParamTocElement",
      "ident": 226,
      "group": "ctrlMel",
      "name": "i_range_m_xy",
      "ctype": "float",
      "pytype": "<f",
      "access": 0,
      "extended": true
    },
    "i_range_m_z": {
      "__class__": "ParamTocElement",
      "ident": 227,
      "group": "ctrlMel",
      "name": "i_range_m_z",
      "ctype": "float",
      "pytype": "<f",
      "access": 0,
      "extended": true
    }
  },
  "ctrlAtt": {
    "tau_xy": {
      "__class__": "ParamTocElement",
      "ident": 228,
      "group": "ctrlAtt",
      "name": "tau_xy",
      "ctype": "float",
      "pytype": "<f",
      "access": 0,
      "extended": false
    },
    "zeta_xy": {
      "__class__": "ParamTocElement",
      "ident": 229,
      "group": "ctrlAtt",
      "name": "zeta_xy",
      "ctype": "float",
      "pytype": "<f",
      "access": 0,
      "extended": false
    },
    "tau_z": {
      "__class__": "ParamTocElement",
      "ident": 230,
      "group": "ctrlAtt",
      "name": "tau_z",
      "ctype": "float",
      "pytype": "<f",
      "access": 0,
      "extended": false
    },
    "zeta_z": {
      "__class__": "ParamTocElement",
      "ident": 231,
      "group": "ctrlAtt",
      "name": "zeta_z",
      "ctype": "float",
      "pytype": "<f",
      "access": 0,
      "extended": false
    },
    "tau_rp": {
      "__class__": "ParamTocElement",
      "ident": 232,
      "group": "ctrlAtt",
      "name": "tau_rp",
      "ctype": "float",
      "pytype": "<f",
      "access": 0,
      "extended": false
    },
    "mixing_factor": {
      "__class__": "ParamTocElement",
      "ident": 233,
      "group": "ctrlAtt",
      "name": "mixing_factor",
      "ctype": "float",
      "pytype": "<f",
      "access": 0,
      "extended": false
    },
    "coll_fairness": {
      "__class__": "ParamTocElement",
      "ident": 234,
      "group": "ctrlAtt",
      "name": "coll_fairness",
      "ctype": "float",
      "pytype": "<f",
      "access": 0,
      "extended": false
    }
  },
  "posCtrlIndi": {
    "K_xi_x": {
      "__class__": "ParamTocElement",
      "ident": 235,
      "group": "posCtrlIndi",
      "name": "K_xi_x",
      "ctype": "float",
      "pytype": "<f",
      "access": 0,
      "extended": false
    },
    "K_xi_y": {
      "__class__": "ParamTocElement",
      "ident": 236,
      "group": "posCtrlIndi",
      "name": "K_xi_y",
      "ctype": "float",
      "pytype": "<f",
      "access": 0,
      "extended": false
    },
    "K_xi_z": {
      "__class__": "ParamTocElement",
      "ident": 237,
      "group": "posCtrlIndi",
      "name": "K_xi_z",
      "ctype": "float",
      "pytype": "<f",
      "access": 0,
      "extended": false
    },
    "K_dxi_x": {
      "__class__": "ParamTocElement",
      "ident": 238,
      "group": "posCtrlIndi",
      "name": "K_dxi_x",
      "ctype": "float",
      "pytype": "<f",
      "access": 0,
      "extended": false
    },
    "K_dxi_y": {
      "__class__": "ParamTocElement",
      "ident": 239,
      "group": "posCtrlIndi",
      "name": "K_dxi_y",
      "ctype": "float",
      "pytype": "<f",
      "access": 0,
      "extended": false
    },
    "K_dxi_z": {
      "__class__": "ParamTocElement",
      "ident": 240,
      "group": "posCtrlIndi",
      "name": "K_dxi_z",
      "ctype": "float",
      "pytype": "<f",
      "access": 0,
      "extended": false
    },
    "pq_clamping": {
      "__class__": "ParamTocElement",
      "ident": 241,
      "group": "posCtrlIndi",
      "name": "pq_clamping",
      "ctype": "float",
      "pytype": "<f",
      "access": 0,
      "extended": false
    }
  },
  "posCtlPid": {
    "xKp": {
      "__class__": "ParamTocElement",
      "ident": 242,
      "group": "posCtlPid",
      "name": "xKp",
      "ctype": "float",
      "pytype": "<f",
      "access": 0,
      "extended": true
    },
    "xKi": {
      "__class__": "ParamTocElement",
      "ident": 243,
      "group": "posCtlPid",
      "name": "xKi",
      "ctype": "float",
      "pytype": "<f",
      "access": 0,
      "extended": true
    },
    "xKd": {
      "__class__": "ParamTocElement",
      "ident": 244,
      "group": "posCtlPid",
      "name": "xKd",
      "ctype": "float",
      "pytype": "<f",
      "access": 0,
      "extended": true
    },
    "xKff": {
      "__class__": "ParamTocElement",
      "ident": 245,
      "group": "posCtlPid",
      "name": "xKff",
      "ctype": "float",
      "pytype": "<f",
      "access": 0,
      "extended": true
    },
    "yKp": {
      "__class__": "ParamTocElement",
      "ident": 246,
      "group": "posCtlPid",
      "name": "yKp",
      "ctype": "float",
      "pytype": "<f",
      "access": 0,
      "extended": true
    },
    "yKi": {
      "__class__": "ParamTocElement",
      "ident": 247,
      "group": "posCtlPid",
      "name": "yKi",
      "ctype": "float",
      "pytype": "<f",
      "access": 0,
      "extended": true
    },
    "yKd": {
      "__class__": "ParamTocElement",
      "ident": 248,
      "group": "posCtlPid",
      "name": "yKd",
      "ctype": "float",
      "pytype": "<f",
      "access": 0,
      "extended": true
    },
    "yKff": {
      "__class__": "ParamTocElement",
      "ident": 249,
      "group": "posCtlPid",
      "name": "yKff",
      "ctype": "float",
      "pytype": "<f",
      "access": 0,
      "extended": true
    },
    "zKp": {
      "__class__": "ParamTocElement",
      "ident": 250,
      "group": "posCtlPid",
      "name": "zKp",
      "ctype": "float",
      "pytype": "<f",
      "access": 0,
      "extended": true
    },
    "zKi": {
      "__class__": "ParamTocElement",
      "ident": 251,
      "group": "posCtlPid",
      "name": "zKi",
      "ctype": "float",
      "pytype": "<f",
      "access": 0,
      "extended": true
    },
    "zKd": {
      "__class__": "ParamTocElement",
      "ident": 252,
      "group": "posCtlPid",
      "name": "zKd",
      "ctype": "float",
      "pytype": "<f",
      "access": 0,
      "extended": true
    },
    "zKff": {
      "__class__": "ParamTocElement",
      "ident": 253,
      "group": "posCtlPid",
      "name": "zKff",
      "ctype": "float",
      "pytype": "<f",
      "access": 0,
      "extended": true
    },
    "thrustBase": {
      "__class__": "ParamTocElement",
      "ident": 254,
      "group": "posCtlPid",
      "name": "thrustBase",
      "ctype": "uint16_t",
      "pytype": "<H",
      "access": 0,
      "extended": true
    },
    "thrustMin": {
      "__class__": "ParamTocElement",
      "ident": 255,
      "group": "posCtlPid",
      "name": "thrustMin",
      "ctype": "uint16_t",
      "pytype": "<H",
      "access": 0,
      "extended": true
    },
    "rLimit": {
      "__class__": "ParamTocElement",
      "ident": 256,
      "group": "posCtlPid",
      "name": "rLimit",
      "ctype": "float",
      "pytype": "<f",
      "access": 0,
      "extended": true
    },
    "pLimit": {
      "__class__": "ParamTocElement",
      "ident": 257,
      "group": "posCtlPid",
      "name": "pLimit",
      "ctype": "float",
      "pytype": "<f",
      "access": 0,
      "extended": true
    },
    "xVelMax": {
      "__class__": "ParamTocElement",
      "ident": 258,
      "group": "posCtlPid",
      "name": "xVelMax",
      "ctype": "float",
      "pytype": "<f",
      "access": 0,
      "extended": true
    },
    "yVelMax": {
      "__class__": "ParamTocElement",
      "ident": 259,
      "group": "posCtlPid",
      "name": "yVelMax",
      "ctype": "float",
      "pytype": "<f",
      "access": 0,
      "extended": true
    },
    "zVelMax": {
      "__class__": "ParamTocElement",
      "ident": 260,
      "group": "posCtlPid",
      "name": "zVelMax",
      "ctype": "float",
      "pytype": "<f",
      "access": 0,
      "extended": true
    }
  },
  "velCtlPid": {
    "vxKp": {
      "__class__": "ParamTocElement",
      "ident": 261,
      "group": "velCtlPid",
      "name": "vxKp",
      "ctype": "float",
      "pytype": "<f",
      "access": 0,
      "extended": true
    },
    "vxKi": {
      "__class__": "ParamTocElement",
      "ident": 262,
      "group": "velCtlPid",
      "name": "vxKi",
      "ctype": "float",
      "pytype": "<f",
      "access": 0,
      "extended": true
    },
    "vxKd": {
      "__class__": "ParamTocElement",
      "ident": 263,
      "group": "velCtlPid",
      "name": "vxKd",
      "ctype": "float",
      "pytype": "<f",
      "access": 0,
      "extended": true
    },
    "vxKFF": {
      "__class__": "ParamTocElement",
      "ident": 264,
      "group": "velCtlPid",
      "name": "vxKFF",
      "ctype": "float",
      "pytype": "<f",
      "access": 0,
      "extended": true
    },
    "vyKp": {
      "__class__": "ParamTocElement",
      "ident": 265,
      "group": "velCtlPid",
      "name": "vyKp",
      "ctype": "float",
      "pytype": "<f",
      "access": 0,
      "extended": true
    },
    "vyKi": {
      "__class__": "ParamTocElement",
      "ident": 266,
      "group": "velCtlPid",
      "name": "vyKi",
      "ctype": "float",
      "pytype": "<f",
      "access": 0,
      "extended": true
    },
    "vyKd": {
      "__class__": "ParamTocElement",
      "ident": 267,
      "group": "velCtlPid",
      "name": "vyKd",
      "ctype": "float",
      "pytype": "<f",
      "access": 0,
      "extended": true
    },
    "vyKFF": {
      "__class__": "ParamTocElement",
      "ident": 268,
      "group": "velCtlPid",
      "name": "vyKFF",
      "ctype": "float",
      "pytype": "<f",
      "access": 0,
      "extended": true
    },
    "vzKp": {
      "__class__": "ParamTocElement",
      "ident": 269,
      "group": "velCtlPid",
      "name": "vzKp",
      "ctype": "float",
      "pytype": "<f",
      "access": 0,
      "extended": true
    },
    "vzKi": {
      "__class__": "ParamTocElement",
      "ident": 270,
      "group": "velCtlPid",
      "name": "vzKi",
      "ctype": "float",
      "pytype": "<f",
      "access": 0,
      "extended": true
    },
    "vzKd": {
      "__class__": "ParamTocElement",
      "ident": 271,
      "group": "velCtlPid",
      "name": "vzKd",
      "ctype": "float",
      "pytype": "<f",
      "access": 0,
      "extended": true
    },
    "vzKFF": {
      "__class__": "ParamTocElement",
      "ident": 272,
      "group": "velCtlPid",
      "name": "vzKFF",
      "ctype": "float",
      "pytype": "<f",
      "access": 0,
      "extended": true
    }
  },
  "posEstAlt": {
    "estAlphaAsl": {
      "__class__": "ParamTocElement",
      "ident": 273,
      "group": "posEstAlt",
      "name": "estAlphaAsl",
      "ctype": "float",
      "pytype": "<f",
      "access": 0,
      "extended": true
    },
    "estAlphaZr": {
      "__class__": "ParamTocElement",
      "ident": 274,
      "group": "posEstAlt",
      "name": "estAlphaZr",
      "ctype": "float",
      "pytype": "<f",
      "access": 0,
      "extended": true
    },
    "velFactor": {
      "__class__": "ParamTocElement",
      "ident": 275,
      "group": "posEstAlt",
      "name": "velFactor",
      "ctype": "float",
      "pytype": "<f",
      "access": 0,
      "extended": true
    },
    "velZAlpha": {
      "__class__": "ParamTocElement",
      "ident": 276,
      "group": "posEstAlt",
      "name": "velZAlpha",
      "ctype": "float",
      "pytype": "<f",
      "access": 0,
      "extended": true
    },
    "vAccDeadband": {
      "__class__": "ParamTocElement",
      "ident": 277,
      "group": "posEstAlt",
      "name": "vAccDeadband",
      "ctype": "float",
      "pytype": "<f",
      "access": 0,
      "extended": true
    }
  },
  "firmware": {
    "revision0": {
      "__class__": "ParamTocElement",
      "ident": 278,
      "group": "firmware",
      "name": "revision0",
      "ctype": "uint32_t",
      "pytype": "<L",
      "access": 1,
      "extended": false
    },
    "revision1": {
      "__class__": "ParamTocElement",
      "ident": 279,
      "group": "firmware",
      "name": "revision1",
      "ctype": "uint16_t",
      "pytype": "<H",
      "access": 1,
      "extended": false
    },
    "modified": {
      "__class__": "ParamTocElement",
      "ident": 280,
      "group": "firmware",
      "name": "modified",
      "ctype": "uint8_t",
      "pytype": "<B",
      "access": 1,
      "extended": false
    }
  }
}